,w,bias,learning rate
0,1.0177391982777892,1.9150095138152423,0.0001
